customer_tenure_months,purchase_count_last_12m,avg_order_value_chf,return_rate,website_visits_last_3m,email_click_rate,customer_segment,preferred_device,support_tickets_last_12m,discount_usage_rate,customer_lifetime_value_chf
15,4,27.6,0.254,20,0.369,loyal,desktop,0,0.734,392.51
54,4,80.07,0.246,29,0.526,premium,desktop,1,0.763,1375.01
39,6,96.03,0.4,25,0.275,new,mobile,1,0.672,756.76
54,3,11.37,0.26,22,0.551,premium,mobile,3,0.452,779.73
58,9,137.04,0.028,23,0.122,occasional,tablet,2,0.527,1590.1
21,7,51.38,0.134,27,0.39,loyal,mobile,1,0.486,944.25
24,6,91.42,0.422,20,0.478,occasional,desktop,4,0.757,511.49
21,3,121.91,0.149,27,0.442,occasional,mobile,1,0.292,1042.77
28,8,47.73,0.334,38,0.426,occasional,desktop,0,0.188,883.13
15,7,107.92,0.284,20,0.702,loyal,mobile,2,0.193,1096.6
38,6,47.87,0.15,10,0.231,premium,mobile,2,0.512,1220.75
46,9,128.57,0.077,27,0.597,premium,mobile,1,0.39,1931.56
55,5,66.53,0.138,30,0.162,new,tablet,2,0.491,914.34
39,8,62.84,0.125,28,0.585,occasional,mobile,0,0.458,929.24
50,11,107.53,0.291,28,0.236,loyal,mobile,2,0.611,1457.88
4,8,104.11,0.169,28,0.643,loyal,desktop,2,0.225,1151.25
57,6,27.31,0.035,19,0.184,premium,tablet,1,0.617,1367.73
16,7,164.5,0.239,25,0.525,loyal,desktop,3,0.457,1232.18
53,14,79.49,0.403,31,0.201,loyal,mobile,2,0.275,1805.94
47,14,106.42,0.02,18,0.153,occasional,desktop,0,0.177,1877.63
2,9,99.44,0.051,28,0.162,new,mobile,2,0.29,1021.77
42,13,72.49,0.403,18,0.466,occasional,mobile,5,0.424,1028.82
38,10,83.99,0.397,27,0.295,new,mobile,2,0.441,950.47
28,8,116.63,0.223,19,0.409,occasional,desktop,1,0.774,882.53
57,6,60.41,0.054,28,0.406,new,desktop,1,0.422,1352.22
28,9,88.75,0.153,20,0.254,occasional,desktop,3,0.223,1140.2
54,10,60.59,0.06,17,0.364,occasional,desktop,0,0.221,1262.39
14,12,62.62,0.033,24,0.262,loyal,desktop,4,0.882,693.85
47,4,20.48,0.485,22,0.392,premium,mobile,0,0.479,862.51
45,13,33.25,0.15,25,0.356,new,desktop,1,0.688,1266.21
39,7,32.02,0.103,23,0.799,occasional,mobile,1,0.779,618.8
10,5,67.91,0.271,25,0.589,new,tablet,1,0.49,625.01
6,5,113.27,0.117,25,0.211,loyal,mobile,2,0.293,1059.04
15,16,58.78,0.46,22,0.544,new,mobile,0,0.369,1001.69
45,8,37.9,0.276,18,0.367,premium,tablet,2,0.536,1049.36
7,8,113.59,0.231,18,0.419,occasional,mobile,4,0.411,1153.11
19,16,72.54,0.434,26,0.442,occasional,desktop,1,0.258,1269.72
52,13,94.6,0.187,25,0.238,new,desktop,2,0.393,1327.23
13,9,89.05,0.154,27,0.263,occasional,mobile,1,0.891,987.08
32,7,128.75,0.16,23,0.365,occasional,desktop,1,0.242,1140.36
41,4,96.39,0.43,24,0.122,occasional,desktop,0,0.234,816.5
52,10,97.97,0.237,22,0.224,loyal,tablet,1,0.725,1504.22
4,7,90.75,0.142,19,0.325,occasional,mobile,2,0.598,899.04
13,10,28.98,0.356,18,0.141,occasional,mobile,2,0.559,439.16
60,7,138.38,0.247,25,0.353,loyal,mobile,2,0.295,1940.35
14,6,120.75,0.471,35,0.329,occasional,mobile,3,0.549,873.59
57,11,55.29,0.035,30,0.146,loyal,mobile,0,0.507,1568.84
23,8,79.88,0.291,25,0.084,loyal,mobile,1,0.449,1248.16
29,12,95.67,0.034,25,0.61,loyal,desktop,3,0.365,1701.83
42,5,98.72,0.256,19,0.176,loyal,desktop,0,0.518,1106.78
34,9,91.32,0.304,23,0.476,occasional,desktop,3,0.23,1293.0
27,3,25.67,0.339,39,0.189,loyal,mobile,2,0.337,590.63
43,9,123.86,0.185,25,0.107,occasional,mobile,1,0.435,1369.07
27,8,152.94,0.087,26,0.784,occasional,mobile,3,0.407,1325.18
52,5,68.67,0.082,23,0.412,premium,mobile,1,0.478,1330.23
55,11,116.2,0.196,27,0.29,premium,mobile,2,0.342,2002.39
58,15,93.8,0.06,20,0.277,occasional,desktop,2,0.511,1725.59
3,11,188.58,0.142,20,0.707,occasional,mobile,2,0.338,1424.07
28,8,37.41,0.133,20,0.137,occasional,mobile,0,0.159,811.39
56,4,75.52,0.122,32,0.137,loyal,tablet,0,0.568,1458.7
13,5,73.36,0.092,22,0.109,occasional,mobile,4,0.501,472.6
1,9,106.6,0.167,24,0.34,premium,mobile,1,0.639,1414.98
12,8,126.46,0.48,31,0.277,loyal,mobile,1,0.701,1138.22
59,7,83.63,0.245,16,0.541,new,desktop,1,0.415,1181.06
51,7,80.05,0.164,32,0.605,loyal,tablet,3,0.389,1409.13
51,9,127.69,0.133,22,0.298,occasional,desktop,1,0.469,1543.04
27,11,55.4,0.571,21,0.254,new,mobile,0,0.262,855.18
38,10,127.52,0.203,20,0.697,new,mobile,1,0.496,1394.03
27,7,69.06,0.328,27,0.289,occasional,mobile,1,0.568,728.11
4,9,141.79,0.099,15,0.221,new,desktop,0,0.31,1197.12
30,11,65.71,0.033,23,0.136,occasional,mobile,3,0.571,1171.91
9,11,113.29,0.26,19,0.562,occasional,mobile,0,0.604,1087.6
8,10,75.77,0.173,27,0.721,new,mobile,2,0.603,902.95
22,5,94.86,0.308,29,0.166,loyal,mobile,0,0.618,950.04
14,7,84.67,0.293,22,0.185,occasional,desktop,1,0.598,712.97
43,7,46.57,0.293,18,0.366,occasional,desktop,2,0.33,994.35
41,7,125.29,0.104,29,0.358,new,tablet,1,0.328,1361.39
50,9,93.78,0.246,25,0.429,loyal,mobile,2,0.527,1447.55
32,11,10.0,0.272,37,0.412,occasional,mobile,1,0.645,916.79
38,2,37.98,0.107,28,0.238,new,mobile,2,0.487,351.43
32,15,105.27,0.103,27,0.719,loyal,mobile,1,0.689,1829.83
42,7,42.03,0.239,25,0.176,occasional,mobile,2,0.594,605.61
19,6,64.19,0.059,19,0.346,new,mobile,1,0.407,706.88
9,4,84.42,0.026,11,0.205,loyal,mobile,2,0.285,919.68
26,10,105.88,0.12,19,0.414,occasional,mobile,2,0.489,877.39
59,10,136.75,0.117,18,0.377,loyal,desktop,1,0.459,1970.1
3,8,83.7,0.149,20,0.351,occasional,mobile,2,0.471,864.3
9,4,103.45,0.279,23,0.309,premium,mobile,3,0.458,1179.88
58,7,78.63,0.104,32,0.544,occasional,desktop,2,0.296,1426.46
37,5,67.24,0.134,27,0.217,occasional,mobile,2,0.272,997.28
42,9,63.48,0.242,29,0.668,occasional,desktop,0,0.631,1174.96
30,7,99.93,0.078,26,0.374,loyal,mobile,0,0.609,1386.64
43,7,52.05,0.481,16,0.111,loyal,mobile,0,0.471,1067.83
11,8,40.62,0.268,32,0.191,new,desktop,1,0.49,684.61
31,7,32.53,0.189,29,0.545,loyal,tablet,2,0.55,897.85
51,8,82.35,0.166,32,0.317,premium,desktop,3,0.412,1650.59
6,10,10.0,0.216,18,0.215,occasional,tablet,3,0.324,371.04
21,5,82.61,0.43,23,0.256,occasional,desktop,1,0.297,770.08
47,10,183.01,0.117,20,0.67,occasional,mobile,1,0.193,2157.41
39,12,76.12,0.02,29,0.378,occasional,mobile,3,0.556,1293.94
2,13,72.44,0.068,24,0.301,occasional,mobile,2,0.532,853.22
26,12,83.06,0.239,25,0.547,occasional,mobile,1,0.223,1139.46
28,7,75.06,0.216,28,0.207,loyal,mobile,1,0.42,1208.22
20,7,89.07,0.216,23,0.588,loyal,desktop,0,0.61,1158.21
55,4,62.35,0.268,23,0.355,loyal,desktop,2,0.524,1416.86
12,7,105.23,0.406,22,0.286,occasional,mobile,6,0.316,513.35
46,3,102.83,0.114,18,0.292,loyal,mobile,0,0.274,1249.49
39,10,157.2,0.133,30,0.236,loyal,desktop,3,0.136,1627.12
43,13,73.8,0.429,23,0.305,occasional,mobile,3,0.289,1279.31
1,5,69.1,0.064,23,0.319,loyal,desktop,5,0.267,723.43
47,11,39.94,0.058,20,0.265,occasional,mobile,0,0.556,891.15
1,6,10.0,0.188,26,0.624,occasional,mobile,0,0.417,336.12
36,6,59.7,0.37,26,0.345,premium,desktop,5,0.182,1326.83
53,11,62.38,0.086,32,0.473,new,desktop,3,0.214,1298.75
16,5,95.68,0.15,31,0.138,loyal,desktop,0,0.407,1237.02
48,7,149.13,0.026,19,0.343,loyal,desktop,2,0.553,1965.6
10,8,95.19,0.154,28,0.321,occasional,mobile,1,0.467,1047.14
12,3,58.0,0.129,30,0.569,premium,desktop,1,0.709,1127.06
8,8,64.85,0.088,21,0.162,loyal,desktop,2,0.537,952.07
42,5,75.53,0.038,28,0.428,new,mobile,2,0.646,1006.85
15,6,104.48,0.128,27,0.275,occasional,desktop,2,0.588,991.21
48,5,85.48,0.122,29,0.364,premium,desktop,1,0.671,1728.62
12,8,125.94,0.327,32,0.23,occasional,mobile,0,0.724,1009.95
41,7,117.73,0.114,33,0.435,loyal,desktop,2,0.585,1596.69
6,8,88.32,0.205,26,0.283,occasional,mobile,1,0.334,787.03
57,8,139.06,0.296,29,0.402,premium,desktop,2,0.414,2128.45
10,10,82.8,0.1,23,0.047,loyal,desktop,3,0.16,1129.02
48,9,51.66,0.285,26,0.34,occasional,mobile,0,0.511,923.17
2,10,67.11,0.025,12,0.083,premium,mobile,3,0.41,1115.55
12,11,109.3,0.201,22,0.287,loyal,mobile,0,0.405,1030.08
51,7,37.02,0.303,27,0.341,occasional,mobile,1,0.455,1142.94
58,1,69.71,0.082,28,0.125,occasional,mobile,0,0.706,917.95
53,12,26.08,0.11,22,0.383,occasional,desktop,4,0.667,1121.5
11,6,10.0,0.111,23,0.146,occasional,mobile,0,0.331,346.13
24,8,91.02,0.039,34,0.235,occasional,mobile,1,0.362,992.24
58,8,118.22,0.166,22,0.455,loyal,desktop,1,0.111,1972.25
13,5,73.05,0.637,19,0.432,occasional,mobile,1,0.429,669.95
9,6,76.56,0.138,25,0.489,new,mobile,1,0.338,468.72
54,11,92.95,0.304,16,0.279,loyal,desktop,2,0.464,1689.4
29,4,47.87,0.176,26,0.435,premium,mobile,1,0.19,1044.8
53,8,35.26,0.233,23,0.497,loyal,mobile,4,0.361,1239.3
55,8,88.65,0.407,13,0.595,new,mobile,1,0.654,1146.79
32,6,29.87,0.115,22,0.325,occasional,desktop,0,0.657,521.55
27,4,102.51,0.062,31,0.117,premium,mobile,1,0.638,1521.21
19,9,52.22,0.192,26,0.259,premium,mobile,2,0.667,1350.2
41,7,99.16,0.029,30,0.591,new,mobile,1,0.398,1282.62
52,9,135.31,0.265,24,0.476,premium,desktop,1,0.408,2078.97
42,4,20.58,0.192,22,0.385,loyal,desktop,1,0.533,769.53
2,6,50.9,0.179,23,0.213,loyal,mobile,0,0.755,656.47
2,7,79.69,0.051,35,0.101,occasional,tablet,3,0.601,701.23
28,8,92.23,0.152,22,0.141,occasional,mobile,2,0.712,849.14
26,13,120.77,0.092,24,0.164,loyal,mobile,2,0.607,1636.43
2,5,37.25,0.142,29,0.328,new,desktop,3,0.586,216.13
48,6,108.91,0.076,23,0.161,occasional,tablet,1,0.474,1441.77
8,6,72.62,0.187,28,0.229,premium,mobile,5,0.404,1069.15
5,10,74.19,0.103,22,0.247,loyal,desktop,0,0.451,1036.89
60,9,64.96,0.109,30,0.508,occasional,mobile,0,0.373,1296.84
29,9,20.45,0.27,20,0.485,occasional,mobile,2,0.629,556.6
50,6,55.59,0.171,22,0.717,occasional,desktop,1,0.724,840.77
36,11,120.61,0.246,27,0.416,loyal,mobile,0,0.528,1702.17
42,1,42.58,0.173,24,0.403,occasional,desktop,4,0.256,556.8
10,7,104.87,0.11,22,0.397,loyal,desktop,2,0.707,1049.65
51,9,41.34,0.076,24,0.146,loyal,desktop,1,0.733,1213.3
44,4,41.47,0.136,26,0.252,occasional,mobile,1,0.398,833.95
37,3,100.24,0.525,24,0.678,premium,desktop,1,0.481,1354.56
9,8,88.12,0.312,27,0.185,occasional,tablet,3,0.131,904.06
35,4,125.61,0.315,13,0.107,loyal,mobile,2,0.335,1172.25
20,8,96.29,0.016,25,0.333,premium,mobile,3,0.305,1743.4
41,8,38.48,0.097,18,0.238,occasional,mobile,1,0.569,695.18
16,16,74.27,0.066,21,0.227,new,desktop,3,0.307,1076.23
38,11,75.72,0.053,22,0.714,premium,mobile,4,0.222,1931.97
11,5,31.14,0.067,23,0.378,occasional,desktop,1,0.488,581.53
30,6,28.39,0.221,19,0.459,occasional,mobile,0,0.335,627.67
35,11,63.83,0.405,26,0.367,occasional,desktop,0,0.222,743.41
31,8,69.95,0.473,20,0.434,premium,mobile,0,0.715,1287.43
45,6,131.11,0.273,26,0.514,occasional,desktop,2,0.262,1285.02
54,13,112.68,0.175,28,0.473,new,mobile,0,0.409,1331.45
30,6,109.74,0.121,32,0.125,new,desktop,1,0.38,956.49
43,6,96.56,0.311,16,0.512,occasional,mobile,4,0.367,933.28
23,4,109.42,0.254,23,0.111,loyal,desktop,0,0.497,1117.11
1,6,129.7,0.238,22,0.456,loyal,desktop,1,0.44,989.64
19,6,88.12,0.226,25,0.396,loyal,desktop,4,0.296,967.31
9,11,31.24,0.16,22,0.301,new,mobile,0,0.289,627.9
34,8,98.72,0.456,17,0.46,occasional,mobile,1,0.134,1171.08
3,10,108.43,0.169,21,0.428,loyal,mobile,0,0.348,1473.77
20,7,59.19,0.099,42,0.331,premium,mobile,1,0.31,1517.17
45,7,27.92,0.583,20,0.236,occasional,mobile,0,0.449,582.41
17,10,33.06,0.275,28,0.257,premium,mobile,5,0.524,1003.97
42,5,88.27,0.206,41,0.185,occasional,desktop,3,0.35,789.42
21,7,83.11,0.266,24,0.515,loyal,mobile,3,0.601,1103.6
13,12,100.34,0.048,32,0.137,new,desktop,2,0.695,989.4
21,10,113.38,0.223,22,0.282,occasional,desktop,1,0.449,1162.65
16,12,71.44,0.22,30,0.494,loyal,desktop,2,0.322,1104.99
29,12,72.72,0.217,28,0.381,premium,mobile,2,0.621,1586.22
40,8,94.88,0.063,19,0.507,premium,mobile,3,0.549,1554.11
11,8,102.15,0.176,22,0.851,loyal,mobile,2,0.635,1311.43
38,5,128.33,0.334,31,0.251,occasional,mobile,2,0.189,1246.31
40,8,141.1,0.178,27,0.357,occasional,desktop,1,0.216,1588.4
36,12,130.66,0.273,19,0.68,loyal,mobile,2,0.518,1564.48
52,2,64.77,0.317,31,0.516,occasional,mobile,4,0.055,875.88
17,7,77.36,0.084,24,0.734,loyal,mobile,2,0.508,984.74
41,4,63.47,0.085,21,0.365,occasional,mobile,1,0.499,746.52
39,11,49.0,0.062,33,0.821,new,desktop,2,0.214,1086.46
1,6,29.16,0.029,14,0.376,new,mobile,2,0.388,526.74
22,10,99.7,0.126,22,0.404,loyal,mobile,2,0.247,1399.19
18,5,110.45,0.202,26,0.448,loyal,mobile,2,0.47,1171.55
3,8,142.75,0.141,25,0.087,occasional,desktop,2,0.185,961.04
8,7,55.59,0.36,20,0.181,loyal,mobile,0,0.088,692.16
47,10,96.54,0.102,31,0.671,new,desktop,2,0.524,1175.12
59,5,111.78,0.106,18,0.248,new,mobile,5,0.546,1015.39
42,8,10.0,0.178,28,0.318,loyal,mobile,4,0.46,924.3
14,10,102.31,0.235,28,0.398,new,desktop,2,0.114,1150.67
45,8,139.5,0.427,17,0.206,new,mobile,1,0.531,1199.23
30,5,87.66,0.076,20,0.146,new,desktop,1,0.591,623.87
21,7,81.72,0.157,19,0.563,loyal,mobile,5,0.466,952.06
22,6,130.03,0.162,19,0.467,occasional,mobile,5,0.225,1138.34
39,8,171.51,0.166,26,0.05,occasional,mobile,2,0.693,1657.48
51,7,24.4,0.455,22,0.134,occasional,tablet,0,0.421,742.06
20,6,105.0,0.121,30,0.5,occasional,tablet,5,0.437,1005.15
57,8,70.66,0.158,18,0.466,new,desktop,1,0.377,1264.25
55,10,197.5,0.261,13,0.082,occasional,mobile,0,0.892,1433.52
25,6,56.17,0.165,25,0.239,premium,desktop,2,0.313,954.97
54,4,87.28,0.474,31,0.453,occasional,mobile,0,0.395,1059.88
30,8,66.16,0.171,23,0.377,new,tablet,1,0.804,413.67
39,12,102.58,0.219,32,0.344,loyal,tablet,1,0.362,1769.06
45,11,162.73,0.111,30,0.383,premium,desktop,2,0.333,2420.52
13,10,133.3,0.248,20,0.289,occasional,tablet,0,0.683,1160.61
37,11,124.91,0.367,27,0.518,loyal,mobile,0,0.518,1649.86
8,4,155.52,0.534,23,0.366,premium,tablet,2,0.367,1533.66
2,7,74.03,0.122,20,0.591,occasional,tablet,1,0.653,730.19
17,15,57.77,0.092,19,0.179,new,tablet,1,0.771,1036.75
46,5,113.36,0.401,26,0.651,loyal,mobile,1,0.343,1660.27
9,11,84.35,0.199,25,0.282,new,mobile,5,0.482,821.89
41,14,136.52,0.191,30,0.329,premium,mobile,1,0.509,2033.6
39,4,144.98,0.058,31,0.326,occasional,mobile,2,0.442,1322.51
18,11,110.25,0.108,28,0.493,premium,desktop,1,0.686,1608.29
56,8,41.5,0.404,27,0.269,premium,desktop,1,0.218,1365.72
10,5,111.23,0.037,24,0.097,loyal,mobile,1,0.61,1027.79
38,9,83.19,0.111,23,0.236,occasional,mobile,5,0.234,1221.93
3,6,69.31,0.18,24,0.02,occasional,mobile,1,0.605,508.3
57,13,133.79,0.084,25,0.241,occasional,desktop,0,0.512,1645.71
3,8,170.04,0.102,21,0.232,premium,desktop,1,0.241,1820.92
59,7,80.75,0.264,16,0.556,occasional,mobile,1,0.599,1222.56
56,5,65.39,0.059,33,0.55,loyal,desktop,3,0.481,1577.93
13,11,77.42,0.121,25,0.351,new,desktop,2,0.369,854.89
14,4,108.9,0.33,24,0.65,new,desktop,1,0.677,610.89
33,10,103.55,0.369,20,0.222,occasional,tablet,2,0.564,1073.59
57,5,55.43,0.041,22,0.551,occasional,mobile,1,0.38,1106.43
3,8,54.64,0.039,24,0.521,occasional,desktop,2,0.436,653.75
51,8,55.25,0.046,29,0.334,loyal,mobile,1,0.469,1421.14
1,6,63.55,0.098,21,0.247,loyal,mobile,3,0.637,639.54
43,7,64.44,0.235,26,0.463,new,desktop,2,0.514,820.42
54,10,127.56,0.005,38,0.389,occasional,mobile,2,0.45,1374.67
3,9,40.28,0.415,28,0.426,premium,mobile,2,0.417,1044.76
19,4,127.18,0.172,18,0.222,new,mobile,1,0.452,642.76
12,9,106.8,0.177,20,0.302,loyal,mobile,3,0.388,1102.5
37,7,137.2,0.071,31,0.301,premium,mobile,0,0.192,1940.53
44,5,89.46,0.399,32,0.531,occasional,mobile,1,0.647,936.08
33,7,77.4,0.269,23,0.374,loyal,desktop,1,0.633,1214.57
55,5,45.46,0.074,10,0.572,loyal,mobile,2,0.358,1206.91
43,6,70.8,0.271,27,0.509,occasional,desktop,1,0.33,983.86
28,8,48.88,0.357,17,0.491,loyal,mobile,4,0.193,902.04
49,2,108.05,0.316,17,0.636,premium,desktop,1,0.225,1744.73
51,7,54.38,0.224,15,0.674,loyal,mobile,1,0.273,1154.85
4,6,37.66,0.107,25,0.202,occasional,mobile,0,0.543,338.3
21,4,135.06,0.22,23,0.191,new,mobile,0,0.333,890.1
44,4,55.68,0.526,15,0.413,premium,desktop,3,0.218,1102.07
53,11,107.56,0.228,34,0.574,loyal,tablet,0,0.311,1780.83
28,9,114.34,0.06,27,0.323,occasional,desktop,3,0.774,974.65
43,7,59.52,0.144,28,0.366,loyal,mobile,0,0.447,1297.31
11,7,72.45,0.185,19,0.192,loyal,mobile,3,0.675,550.44
18,6,75.97,0.105,23,0.457,new,mobile,2,0.483,617.03
25,3,96.59,0.314,28,0.351,occasional,mobile,5,0.346,807.71
6,10,73.15,0.17,23,0.363,loyal,mobile,2,0.176,1125.49
22,12,113.26,0.243,28,0.203,new,desktop,3,0.557,974.45
15,2,107.74,0.3,18,0.43,new,mobile,3,0.664,498.83
17,9,130.07,0.423,31,0.151,new,mobile,1,0.84,655.39
57,7,123.38,0.228,17,0.162,occasional,mobile,3,0.276,1200.2
28,6,35.51,0.279,21,0.319,loyal,mobile,2,0.584,779.74
16,11,164.41,0.247,19,0.064,loyal,mobile,0,0.584,1345.03
15,9,97.52,0.374,25,0.758,occasional,desktop,0,0.391,1104.04
29,8,144.12,0.2,23,0.738,occasional,desktop,4,0.512,1389.24
20,9,34.85,0.131,23,0.229,premium,mobile,5,0.293,1169.12
14,7,115.17,0.143,24,0.624,new,mobile,3,0.561,827.63
44,5,83.15,0.054,31,0.695,occasional,desktop,0,0.421,1197.58
55,7,26.27,0.183,25,0.577,occasional,mobile,3,0.746,806.45
54,6,77.17,0.215,22,0.335,loyal,mobile,0,0.355,1518.02
52,7,93.38,0.012,24,0.057,occasional,desktop,3,0.553,996.27
56,8,48.58,0.39,25,0.216,occasional,desktop,2,0.353,765.62
31,9,85.08,0.15,24,0.186,occasional,desktop,1,0.386,890.25
37,12,102.67,0.133,25,0.742,new,mobile,1,0.699,1188.25
44,6,104.94,0.278,18,0.092,loyal,desktop,1,0.629,1296.27
39,9,74.11,0.31,25,0.378,loyal,mobile,3,0.272,1159.53
22,7,40.68,0.123,24,0.396,premium,desktop,1,0.525,1280.46
54,13,81.48,0.181,16,0.224,premium,mobile,0,0.387,1954.28
7,11,21.59,0.17,27,0.413,premium,desktop,0,0.372,954.06
34,9,63.85,0.25,15,0.601,premium,desktop,1,0.214,1472.13
8,8,152.26,0.318,27,0.447,occasional,tablet,2,0.412,933.69
40,4,131.95,0.154,32,0.189,new,mobile,1,0.342,1085.08
35,8,57.33,0.214,21,0.628,premium,mobile,0,0.438,1465.14
35,7,40.96,0.047,28,0.286,premium,desktop,0,0.457,1334.48
3,9,103.07,0.271,26,0.102,loyal,mobile,2,0.298,948.71
7,13,109.37,0.038,20,0.541,premium,mobile,4,0.222,1843.59
35,9,91.1,0.366,32,0.317,new,desktop,0,0.493,1006.4
40,12,84.07,0.226,16,0.335,premium,mobile,1,0.253,1781.94
25,8,10.0,0.17,23,0.54,occasional,mobile,0,0.406,698.77
19,10,83.33,0.205,24,0.345,occasional,mobile,1,0.256,766.12
29,7,55.51,0.322,29,0.343,new,desktop,0,0.659,715.02
34,6,25.7,0.074,32,0.508,loyal,mobile,1,0.276,1204.33
60,5,117.7,0.093,31,0.266,premium,mobile,1,0.223,1991.26
54,11,55.71,0.051,24,0.65,premium,mobile,1,0.322,2108.51
18,8,10.0,0.167,23,0.207,occasional,mobile,2,0.617,536.03
3,6,72.31,0.127,28,0.707,loyal,desktop,1,0.416,1010.28
46,8,142.74,0.09,33,0.266,occasional,tablet,0,0.875,1194.2
58,9,157.79,0.131,18,0.093,occasional,mobile,7,0.515,1452.98
8,13,67.9,0.169,25,0.181,occasional,mobile,2,0.57,1025.32
46,4,122.57,0.22,20,0.356,loyal,mobile,3,0.54,1315.32
8,9,42.43,0.133,25,0.689,loyal,desktop,3,0.596,767.9
52,2,121.78,0.141,25,0.417,occasional,mobile,0,0.492,971.6
17,8,145.11,0.33,28,0.399,occasional,mobile,2,0.444,1230.96
36,10,115.59,0.097,35,0.519,occasional,desktop,1,0.413,1464.51
17,11,119.87,0.108,25,0.701,new,mobile,2,0.62,1240.45
44,7,101.1,0.172,16,0.796,occasional,mobile,2,0.464,1249.42
9,9,20.56,0.144,31,0.124,occasional,tablet,1,0.43,425.84
43,8,52.75,0.269,24,0.6,loyal,desktop,0,0.342,1610.23
59,9,34.98,0.113,26,0.368,loyal,mobile,1,0.448,1306.04
19,7,40.48,0.076,31,0.481,new,desktop,3,0.447,701.29
10,6,49.79,0.19,25,0.303,new,desktop,2,0.276,569.06
17,18,142.69,0.093,32,0.388,loyal,mobile,1,0.404,2074.69
60,8,47.34,0.055,32,0.545,new,mobile,2,0.707,1298.77
42,5,95.66,0.188,22,0.344,occasional,mobile,3,0.276,1037.36
55,5,61.84,0.297,24,0.652,occasional,mobile,2,0.526,689.07
5,9,58.87,0.377,30,0.389,occasional,tablet,1,0.577,634.68
7,4,99.44,0.407,21,0.371,occasional,mobile,0,0.424,619.32
22,13,124.82,0.296,28,0.503,new,tablet,2,0.728,1084.0
18,9,115.95,0.172,26,0.112,loyal,desktop,1,0.185,1415.8
17,8,67.76,0.15,16,0.218,premium,mobile,3,0.754,1006.42
22,9,107.17,0.088,20,0.186,loyal,mobile,4,0.474,1223.29
46,7,73.44,0.257,25,0.6,premium,desktop,1,0.258,1892.58
6,2,10.0,0.111,28,0.282,new,desktop,0,0.449,312.96
57,8,79.88,0.272,20,0.274,loyal,desktop,1,0.187,1465.27
33,13,108.42,0.175,18,0.524,occasional,mobile,3,0.561,1476.43
32,12,50.83,0.256,36,0.184,occasional,mobile,0,0.403,970.68
7,11,44.33,0.223,30,0.478,occasional,mobile,2,0.391,899.83
42,8,142.59,0.214,21,0.395,occasional,desktop,0,0.481,1599.52
38,8,83.64,0.647,28,0.468,loyal,mobile,0,0.495,1095.98
60,7,81.0,0.215,40,0.18,occasional,mobile,0,0.384,1343.77
30,4,54.77,0.105,19,0.295,new,mobile,3,0.596,332.18
9,9,58.2,0.133,25,0.274,loyal,mobile,2,0.619,736.96
35,4,85.15,0.511,31,0.237,loyal,mobile,1,0.396,1168.94
8,13,49.58,0.103,19,0.752,loyal,desktop,1,0.707,1223.63
52,6,10.0,0.169,29,0.583,occasional,mobile,2,0.418,674.04
39,9,117.94,0.223,29,0.436,loyal,mobile,1,0.409,1628.93
54,5,43.45,0.29,24,0.137,premium,mobile,1,0.262,1352.52
2,4,68.78,0.102,24,0.11,loyal,tablet,1,0.413,457.63
55,4,111.39,0.146,21,0.639,occasional,tablet,1,0.3,1040.95
36,7,98.92,0.163,29,0.072,premium,mobile,2,0.455,1409.71
53,10,101.97,0.297,27,0.436,occasional,mobile,5,0.78,901.7
14,8,143.35,0.444,26,0.269,loyal,mobile,2,0.558,1017.12
23,8,107.8,0.24,24,0.394,occasional,desktop,0,0.449,1192.42
3,8,116.6,0.15,14,0.591,occasional,desktop,1,0.431,892.56
46,6,117.16,0.144,21,0.14,occasional,desktop,2,0.046,1204.48
29,9,122.72,0.423,29,0.277,occasional,mobile,2,0.593,1215.62
58,4,70.85,0.136,26,0.322,occasional,mobile,1,0.269,1092.57
9,6,138.3,0.172,34,0.418,occasional,mobile,4,0.242,1111.13
52,9,91.34,0.143,20,0.561,occasional,mobile,1,0.755,1241.88
40,9,111.88,0.11,15,0.208,occasional,desktop,1,0.532,1110.38
16,6,82.29,0.539,25,0.219,occasional,mobile,3,0.242,619.27
4,3,102.82,0.255,26,0.037,occasional,tablet,2,0.218,635.21
23,7,86.87,0.354,23,0.297,occasional,mobile,1,0.511,657.15
48,8,110.77,0.059,21,0.178,loyal,mobile,1,0.512,1957.53
59,10,78.62,0.239,33,0.108,occasional,desktop,2,0.3,1079.2
35,11,105.54,0.218,17,0.52,occasional,desktop,1,0.346,1573.73
47,6,72.23,0.085,26,0.295,new,mobile,1,0.57,1041.6
55,8,83.95,0.101,16,0.328,occasional,mobile,1,0.231,1421.55
19,7,114.84,0.197,22,0.525,occasional,desktop,0,0.697,845.52
43,6,76.09,0.208,20,0.386,premium,mobile,1,0.061,1579.82
45,8,83.01,0.049,29,0.536,premium,mobile,0,0.154,1867.73
7,13,10.0,0.161,20,0.451,premium,mobile,6,0.62,1077.05
21,7,70.52,0.071,22,0.529,new,mobile,0,0.38,832.35
21,9,44.12,0.096,27,0.251,occasional,mobile,1,0.806,528.33
21,12,34.41,0.102,25,0.435,occasional,desktop,2,0.357,828.96
40,8,90.19,0.176,25,0.099,new,tablet,1,0.2,1030.11
22,7,117.67,0.151,28,0.177,loyal,mobile,2,0.643,1320.25
4,14,119.66,0.182,33,0.119,occasional,mobile,1,0.211,1326.89
4,6,71.27,0.097,15,0.119,occasional,desktop,1,0.426,585.81
46,12,68.51,0.099,25,0.286,occasional,mobile,2,0.557,1501.5
10,8,53.17,0.076,29,0.428,occasional,mobile,2,0.551,829.25
52,7,72.18,0.085,20,0.321,occasional,desktop,4,0.846,1030.23
60,9,66.23,0.182,15,0.544,premium,mobile,3,0.497,1653.8
39,9,73.78,0.152,26,0.746,premium,mobile,3,0.715,1493.37
52,11,71.17,0.014,24,0.214,loyal,mobile,4,0.705,1607.46
10,10,114.54,0.105,23,0.631,new,desktop,4,0.591,797.71
39,6,82.4,0.209,29,0.218,loyal,mobile,0,0.51,1243.65
7,5,55.51,0.047,30,0.239,occasional,desktop,0,0.361,786.06
37,5,58.34,0.206,22,0.208,premium,mobile,1,0.32,1196.17
18,8,128.83,0.197,20,0.49,premium,tablet,2,0.51,1680.0
11,11,47.59,0.131,20,0.233,loyal,desktop,1,0.301,1039.2
35,6,79.88,0.193,21,0.52,occasional,mobile,3,0.539,1045.81
58,6,119.23,0.271,23,0.36,loyal,desktop,1,0.179,1658.14
56,6,22.22,0.085,18,0.132,loyal,mobile,4,0.632,1029.06
29,6,61.27,0.13,25,0.148,premium,mobile,2,0.28,1193.65
52,6,118.57,0.024,26,0.505,occasional,mobile,1,0.312,1320.51
6,10,116.54,0.176,20,0.663,occasional,mobile,2,0.326,1253.95
43,8,46.18,0.495,25,0.453,premium,mobile,1,0.345,1189.08
40,10,120.2,0.122,26,0.346,occasional,mobile,2,0.619,1316.09
45,11,76.14,0.083,20,0.221,occasional,mobile,2,0.095,1231.74
32,5,74.55,0.51,23,0.612,occasional,desktop,2,0.64,750.06
23,11,67.45,0.22,35,0.166,occasional,desktop,2,0.506,952.98
24,9,68.34,0.563,17,0.734,occasional,mobile,2,0.172,768.86
9,9,127.08,0.079,30,0.425,occasional,mobile,2,0.319,1155.61
17,7,88.9,0.299,16,0.405,occasional,desktop,3,0.857,537.56
10,9,140.0,0.204,22,0.129,new,mobile,1,0.345,1099.27
42,6,110.21,0.297,28,0.561,occasional,mobile,0,0.542,1100.18
17,8,83.56,0.256,21,0.597,occasional,mobile,3,0.468,862.2
11,8,34.11,0.04,22,0.425,loyal,mobile,1,0.108,989.43
8,8,126.41,0.077,24,0.463,premium,desktop,1,0.31,1730.93
32,7,121.22,0.324,21,0.601,occasional,mobile,3,0.269,1275.84
44,8,118.62,0.17,30,0.443,occasional,mobile,3,0.284,1187.13
26,7,31.66,0.169,32,0.212,occasional,mobile,2,0.214,822.0
44,5,94.22,0.212,28,0.201,occasional,mobile,3,0.472,1060.1
52,9,59.56,0.182,30,0.18,occasional,mobile,3,0.125,1227.94
1,7,101.04,0.135,21,0.35,occasional,mobile,4,0.495,536.33
4,7,94.33,0.09,20,0.295,loyal,tablet,3,0.36,1033.92
23,11,47.79,0.553,14,0.394,occasional,mobile,1,0.414,645.49
27,11,15.76,0.268,32,0.397,loyal,mobile,1,0.303,863.21
4,11,59.74,0.357,25,0.493,loyal,desktop,0,0.257,990.77
19,7,137.6,0.181,23,0.735,occasional,mobile,0,0.485,1412.93
53,4,122.66,0.131,20,0.15,occasional,mobile,1,0.42,1221.87
13,8,78.9,0.445,31,0.44,occasional,mobile,2,0.576,875.93
52,6,130.43,0.324,25,0.443,occasional,mobile,0,0.559,1313.85
6,10,119.14,0.095,16,0.322,occasional,mobile,4,0.44,983.11
34,11,101.77,0.118,22,0.09,loyal,desktop,0,0.467,1683.74
26,10,67.24,0.134,19,0.079,new,tablet,2,0.336,1088.05
11,8,40.5,0.062,23,0.27,new,desktop,2,0.476,518.15
58,8,124.65,0.343,29,0.554,loyal,mobile,3,0.082,1769.43
44,7,129.86,0.474,21,0.143,loyal,mobile,4,0.441,1505.74
20,10,86.93,0.198,18,0.26,loyal,desktop,2,0.267,1135.98
28,4,50.72,0.16,22,0.099,premium,mobile,1,0.493,1052.85
10,9,38.56,0.361,23,0.634,new,desktop,5,0.723,412.15
19,8,150.63,0.047,22,0.476,loyal,mobile,2,0.435,1468.33
25,13,24.15,0.098,19,0.57,occasional,desktop,2,0.414,1100.54
31,8,106.91,0.161,17,0.235,occasional,desktop,0,0.578,1046.79
19,7,105.59,0.217,26,0.28,loyal,mobile,3,0.086,1101.51
19,11,48.7,0.063,24,0.191,loyal,mobile,0,0.429,1075.4
22,16,90.91,0.235,22,0.244,loyal,desktop,3,0.634,1276.79
53,9,93.35,0.353,28,0.11,premium,mobile,1,0.619,1694.29
48,5,134.44,0.302,16,0.739,premium,mobile,2,0.185,1922.51
8,8,85.01,0.421,29,0.744,new,mobile,2,0.04,738.87
23,14,132.15,0.124,13,0.635,loyal,mobile,2,0.235,1983.72
16,13,104.7,0.077,27,0.313,new,desktop,1,0.242,1184.56
15,7,59.11,0.22,30,0.651,loyal,mobile,1,0.216,774.32
17,12,105.53,0.166,30,0.18,new,desktop,2,0.473,1226.41
11,9,18.53,0.198,28,0.543,loyal,desktop,1,0.4,785.96
50,7,66.16,0.22,30,0.16,new,mobile,1,0.618,969.25
40,12,49.4,0.235,28,0.19,premium,mobile,1,0.696,1476.52
59,10,10.0,0.49,29,0.379,occasional,desktop,2,0.734,956.71
22,17,89.82,0.101,24,0.38,premium,desktop,4,0.419,1649.52
28,5,47.66,0.246,25,0.237,occasional,mobile,1,0.601,723.27
16,12,91.98,0.213,21,0.348,new,tablet,0,0.138,941.45
9,9,114.77,0.023,23,0.49,premium,desktop,1,0.455,1587.08
45,5,21.84,0.399,21,0.22,new,mobile,0,0.406,555.94
42,9,64.27,0.178,26,0.474,premium,desktop,1,0.353,1664.73
8,6,105.18,0.05,34,0.677,loyal,mobile,4,0.187,817.34
37,10,95.37,0.152,15,0.665,occasional,mobile,2,0.238,1242.83
18,7,108.31,0.101,18,0.428,new,desktop,1,0.334,982.32
3,11,83.43,0.17,27,0.455,loyal,mobile,5,0.173,1005.06
53,13,80.65,0.411,20,0.646,occasional,mobile,3,0.455,1357.1
33,5,62.87,0.164,26,0.519,occasional,desktop,3,0.828,726.3
60,8,97.89,0.119,14,0.155,occasional,mobile,1,0.304,1225.66
56,7,101.44,0.128,27,0.34,occasional,desktop,4,0.504,1373.53
4,10,96.55,0.284,21,0.129,loyal,mobile,1,0.565,1019.04
51,9,136.29,0.191,31,0.565,loyal,mobile,1,0.338,1596.36
47,6,77.6,0.386,25,0.215,loyal,mobile,4,0.092,1437.07
37,4,112.77,0.312,17,0.144,new,mobile,3,0.485,812.2
36,8,110.45,0.296,28,0.499,occasional,desktop,2,0.555,1101.03
30,8,20.63,0.252,28,0.38,premium,desktop,3,0.235,1092.19
54,11,104.52,0.328,20,0.389,occasional,tablet,2,0.544,1329.02
56,7,85.21,0.197,25,0.392,loyal,mobile,5,0.637,1433.06
32,5,122.88,0.163,24,0.295,new,desktop,0,0.165,1249.92
31,6,93.11,0.021,32,0.403,new,mobile,1,0.239,1105.53
49,2,62.27,0.179,23,0.426,loyal,mobile,0,0.373,1128.64
49,9,113.12,0.206,16,0.339,new,mobile,2,0.454,1317.9
23,4,15.63,0.186,22,0.297,occasional,tablet,0,0.346,244.17
19,6,93.15,0.264,18,0.419,premium,desktop,0,0.579,1392.56
50,6,48.44,0.179,22,0.2,loyal,mobile,2,0.584,1280.69
50,7,104.22,0.072,24,0.231,premium,desktop,3,0.21,1822.88
54,7,118.52,0.371,28,0.449,occasional,mobile,3,0.232,1397.37
36,9,97.56,0.004,29,0.162,new,desktop,2,0.433,1127.87
43,17,75.04,0.151,17,0.164,loyal,desktop,4,0.195,1893.79
8,12,91.69,0.364,15,0.721,new,desktop,5,0.246,796.24
1,4,83.08,0.123,18,0.215,occasional,mobile,1,0.466,637.47
8,7,106.94,0.194,21,0.447,new,mobile,1,0.69,623.81
4,7,82.12,0.193,23,0.342,occasional,mobile,2,0.576,858.68
28,12,90.54,0.1,20,0.07,loyal,desktop,1,0.245,1487.46
38,3,121.78,0.39,21,0.254,loyal,mobile,1,0.143,1197.96
56,10,51.48,0.264,32,0.394,occasional,mobile,0,0.552,1024.87
5,7,120.34,0.522,30,0.487,premium,mobile,0,0.406,1484.6
8,10,77.36,0.106,27,0.272,occasional,mobile,1,0.466,933.1
52,11,67.93,0.395,18,0.614,occasional,mobile,3,0.331,1225.61
6,10,98.38,0.018,23,0.499,loyal,tablet,0,0.399,1280.38
4,6,46.61,0.242,21,0.167,loyal,mobile,3,0.305,614.15
4,8,141.17,0.097,22,0.668,occasional,desktop,4,0.241,1144.07
42,9,109.82,0.334,37,0.209,new,mobile,1,0.485,1155.32
22,8,77.78,0.403,33,0.128,new,tablet,2,0.197,804.49
56,7,71.96,0.111,20,0.256,occasional,mobile,0,0.603,1125.19
16,10,101.71,0.322,23,0.276,new,mobile,1,0.358,870.12
1,8,49.91,0.341,21,0.216,occasional,desktop,2,0.71,539.02
23,3,44.91,0.329,23,0.204,loyal,mobile,0,0.275,821.43
20,8,65.8,0.202,16,0.513,premium,mobile,0,0.137,1540.55
33,12,134.19,0.073,25,0.159,loyal,desktop,2,0.45,1696.3
51,14,47.31,0.259,24,0.507,premium,desktop,1,0.546,1625.93
49,8,80.01,0.238,24,0.423,loyal,mobile,1,0.572,1674.39
28,11,96.35,0.218,30,0.166,occasional,desktop,1,0.501,1163.68
19,12,64.58,0.579,14,0.291,loyal,desktop,2,0.46,799.31
20,8,104.51,0.08,19,0.163,loyal,mobile,1,0.307,1358.84
13,7,141.9,0.109,33,0.681,occasional,desktop,2,0.429,1186.37
49,14,117.18,0.268,23,0.105,occasional,desktop,2,0.317,1638.28
30,5,41.23,0.25,17,0.238,loyal,mobile,0,0.255,901.42
8,4,57.65,0.173,18,0.583,new,desktop,1,0.605,478.66
47,8,100.07,0.127,15,0.249,new,desktop,2,0.571,1181.47
2,5,113.4,0.27,22,0.627,new,mobile,1,0.409,840.96
49,7,105.49,0.141,31,0.461,premium,mobile,1,0.325,2074.31
43,6,22.4,0.373,37,0.199,new,mobile,4,0.341,382.25
48,12,72.5,0.176,21,0.193,occasional,desktop,2,0.209,1346.58
4,6,114.61,0.452,18,0.247,new,mobile,3,0.475,759.53
46,9,19.21,0.017,23,0.427,occasional,mobile,2,0.424,852.68
51,12,126.23,0.205,27,0.324,new,mobile,1,0.521,1525.28
53,12,44.07,0.328,34,0.659,loyal,desktop,4,0.186,1557.95
32,9,164.68,0.226,29,0.371,loyal,mobile,1,0.41,1659.54
57,7,75.91,0.041,26,0.406,loyal,mobile,2,0.449,1465.97
35,11,45.28,0.14,35,0.281,loyal,mobile,4,0.205,1203.6
10,12,91.03,0.158,22,0.22,premium,mobile,2,0.36,1581.58
43,3,86.08,0.14,25,0.126,occasional,mobile,2,0.275,922.31
37,8,77.87,0.377,27,0.19,loyal,mobile,2,0.516,1155.43
45,7,45.88,0.175,19,0.308,loyal,mobile,4,0.602,939.35
38,9,126.18,0.244,19,0.223,new,desktop,2,0.342,1216.6
52,8,112.37,0.348,28,0.13,occasional,desktop,1,0.458,1168.39
9,13,124.3,0.074,19,0.228,new,mobile,1,0.467,1203.85
53,8,55.43,0.132,18,0.535,premium,mobile,2,0.413,1751.66
50,6,31.67,0.122,23,0.234,premium,mobile,0,0.371,1312.68
14,7,70.99,0.202,27,0.144,new,mobile,3,0.303,549.01
33,10,84.78,0.137,25,0.342,occasional,mobile,4,0.631,1292.15
19,9,114.84,0.071,26,0.354,premium,tablet,1,0.511,1647.44
43,9,110.33,0.233,21,0.678,occasional,mobile,1,0.299,1404.67
52,8,64.91,0.256,22,0.618,premium,mobile,1,0.249,1865.9
60,10,90.3,0.454,25,0.263,new,desktop,0,0.296,1174.49
59,6,125.03,0.015,31,0.269,occasional,desktop,1,0.355,1693.62
47,15,65.47,0.084,22,0.333,new,mobile,0,0.525,1116.88
31,11,55.64,0.416,32,0.484,loyal,tablet,1,0.395,934.92
34,7,97.33,0.382,19,0.487,new,mobile,2,0.525,1019.71
23,5,102.11,0.16,24,0.202,loyal,desktop,2,0.402,1075.35
39,9,101.39,0.238,35,0.321,new,mobile,2,0.315,1313.11
57,4,102.19,0.129,25,0.471,premium,mobile,4,0.449,1667.95
38,6,82.37,0.112,20,0.301,new,desktop,1,0.208,959.9
52,6,47.48,0.352,27,0.171,occasional,desktop,2,0.571,941.45
13,9,69.53,0.28,17,0.136,loyal,mobile,3,0.329,883.84
51,9,96.94,0.251,29,0.062,occasional,mobile,1,0.483,1421.24
45,7,127.34,0.107,18,0.491,occasional,mobile,0,0.43,1408.99
35,4,94.83,0.015,22,0.587,new,mobile,3,0.233,1106.81
57,8,81.7,0.176,28,0.512,new,mobile,4,0.529,996.38
40,4,34.18,0.222,27,0.155,new,mobile,1,0.308,616.7
55,11,78.59,0.029,16,0.475,occasional,mobile,1,0.272,1511.75
59,10,92.59,0.458,17,0.153,occasional,desktop,3,0.592,1052.49
56,9,80.42,0.203,30,0.366,occasional,mobile,5,0.61,1045.54
46,8,132.92,0.259,23,0.387,premium,mobile,5,0.213,2098.76
52,14,20.67,0.125,27,0.616,occasional,desktop,2,0.625,1112.61
15,7,121.67,0.018,25,0.09,occasional,mobile,3,0.641,1087.56
50,9,79.92,0.031,20,0.456,loyal,mobile,2,0.51,1444.15
19,7,64.2,0.103,20,0.166,occasional,desktop,4,0.403,885.26
57,7,98.05,0.11,30,0.038,premium,mobile,2,0.593,1648.3
49,5,114.06,0.148,28,0.596,loyal,mobile,1,0.243,1750.51
54,4,57.43,0.193,31,0.506,premium,tablet,0,0.522,1204.38
27,12,60.62,0.174,36,0.451,new,desktop,3,0.485,1022.14
52,5,166.69,0.27,33,0.456,new,mobile,1,0.487,1267.62
15,7,83.25,0.364,19,0.51,loyal,mobile,3,0.188,1016.96
25,7,93.99,0.146,26,0.329,new,mobile,2,0.329,818.66
5,12,80.38,0.169,17,0.486,occasional,mobile,2,0.305,965.06
36,8,68.9,0.075,30,0.359,loyal,desktop,1,0.253,1277.32
33,9,129.33,0.12,23,0.336,occasional,mobile,1,0.272,1599.31
28,9,138.73,0.311,27,0.278,occasional,tablet,4,0.303,889.18
23,8,91.3,0.144,39,0.234,new,mobile,2,0.2,991.47
52,8,88.58,0.166,20,0.473,loyal,mobile,1,0.144,1641.35
56,8,101.01,0.199,25,0.257,loyal,mobile,3,0.438,1729.11
50,10,65.03,0.33,25,0.348,loyal,mobile,3,0.506,1170.45
51,8,47.02,0.026,15,0.526,new,mobile,1,0.423,960.62
29,6,10.0,0.197,23,0.435,new,desktop,2,0.217,449.12
15,7,91.92,0.501,20,0.613,loyal,tablet,1,0.258,1225.79
22,10,117.94,0.29,25,0.284,new,mobile,1,0.568,919.25
23,7,68.99,0.276,16,0.348,occasional,desktop,1,0.579,843.28
27,9,101.67,0.143,14,0.265,occasional,desktop,1,0.539,1408.38
23,4,58.67,0.356,16,0.204,occasional,mobile,3,0.515,559.75
60,10,61.34,0.159,25,0.251,premium,mobile,0,0.421,1615.2
21,13,70.19,0.122,30,0.49,new,mobile,1,0.502,906.95
60,7,64.67,0.107,32,0.745,occasional,desktop,0,0.446,1029.33
44,8,75.08,0.201,27,0.334,new,mobile,0,0.435,940.05
11,8,59.51,0.215,22,0.234,new,mobile,0,0.711,620.46
47,10,151.41,0.036,16,0.57,loyal,desktop,4,0.764,1680.7
53,11,91.04,0.51,28,0.401,loyal,mobile,3,0.296,1566.13
48,11,123.74,0.092,29,0.453,new,mobile,3,0.445,1484.08
59,5,117.59,0.088,24,0.295,loyal,desktop,1,0.397,1654.24
40,8,57.01,0.253,18,0.215,occasional,tablet,0,0.564,683.38
59,9,59.23,0.089,28,0.715,loyal,mobile,2,0.539,1395.78
3,7,113.49,0.194,30,0.227,occasional,mobile,1,0.362,819.74
45,10,112.56,0.135,29,0.316,premium,mobile,3,0.208,1733.86
45,8,51.56,0.148,22,0.402,loyal,desktop,1,0.327,1254.7
10,11,132.01,0.086,31,0.171,new,desktop,4,0.345,1120.16
51,4,112.83,0.128,29,0.353,loyal,desktop,1,0.347,1354.57
8,8,60.74,0.19,28,0.513,occasional,mobile,5,0.318,453.78
46,9,111.57,0.235,27,0.586,premium,tablet,2,0.343,1975.42
51,14,61.33,0.188,30,0.138,new,desktop,1,0.398,1161.3
2,11,62.55,0.08,28,0.315,loyal,desktop,1,0.108,1146.66
39,8,111.75,0.077,27,0.266,premium,mobile,4,0.28,1809.02
24,6,33.5,0.213,24,0.301,occasional,mobile,0,0.509,363.44
51,11,25.28,0.142,25,0.45,new,mobile,0,0.495,1043.25
20,7,109.79,0.271,25,0.397,premium,mobile,4,0.504,1386.0
46,6,12.19,0.111,17,0.22,loyal,desktop,0,0.597,947.81
11,9,84.08,0.158,24,0.342,new,desktop,1,0.636,866.53
19,11,109.76,0.067,20,0.529,occasional,mobile,2,0.521,1129.68
50,10,84.89,0.184,18,0.442,occasional,mobile,1,0.433,1386.31
41,7,87.81,0.259,20,0.499,occasional,desktop,0,0.541,1292.67
30,7,129.45,0.079,25,0.589,occasional,desktop,1,0.84,1168.99
59,10,115.75,0.164,27,0.199,occasional,mobile,3,0.349,1616.36
51,6,50.51,0.154,25,0.306,occasional,desktop,4,0.258,1015.94
13,9,29.73,0.208,25,0.322,occasional,mobile,1,0.393,745.57
60,9,104.9,0.073,25,0.077,new,mobile,1,0.631,1331.26
46,6,160.77,0.37,34,0.448,loyal,mobile,2,0.248,1772.96
59,5,74.7,0.304,24,0.555,new,desktop,2,0.457,973.71
25,6,35.23,0.266,36,0.532,occasional,desktop,3,0.448,840.53
34,6,65.57,0.101,26,0.214,occasional,mobile,3,0.238,1010.85
25,7,93.18,0.304,27,0.207,occasional,mobile,3,0.303,755.06
45,6,96.01,0.363,19,0.605,loyal,tablet,2,0.458,1362.46
56,4,92.54,0.252,30,0.449,premium,mobile,0,0.72,1455.16
20,4,111.94,0.154,29,0.345,occasional,mobile,1,0.429,880.8
55,11,90.58,0.18,18,0.252,loyal,desktop,0,0.252,1923.02
18,8,154.07,0.166,21,0.169,occasional,mobile,1,0.594,1256.5
53,4,81.2,0.243,29,0.32,new,mobile,2,0.345,867.01
47,5,100.65,0.139,21,0.374,premium,desktop,2,0.529,1735.88
46,7,33.26,0.089,34,0.4,new,desktop,2,0.301,844.98
9,7,119.43,0.173,36,0.31,occasional,mobile,2,0.393,1053.62
11,12,65.07,0.075,25,0.794,new,desktop,1,0.79,657.02
2,10,67.06,0.085,16,0.184,new,mobile,1,0.654,710.62
51,10,49.74,0.038,24,0.378,loyal,desktop,1,0.506,1495.42
2,11,74.47,0.068,29,0.092,loyal,tablet,4,0.335,735.36
38,7,117.01,0.19,20,0.375,premium,mobile,3,0.333,1702.02
41,12,58.59,0.167,28,0.724,occasional,mobile,5,0.601,1222.9
5,5,119.81,0.162,21,0.19,loyal,desktop,0,0.251,902.19
59,8,49.2,0.169,23,0.164,occasional,mobile,0,0.625,1004.83
46,13,47.14,0.073,17,0.293,new,mobile,3,0.256,1388.86
51,11,101.4,0.093,25,0.427,loyal,mobile,0,0.276,1705.38
36,8,90.49,0.119,22,0.316,occasional,mobile,2,0.326,1444.79
9,7,94.41,0.183,20,0.443,loyal,desktop,1,0.408,1139.87
10,7,126.87,0.056,21,0.186,occasional,desktop,5,0.565,1018.42
36,6,128.15,0.283,26,0.367,occasional,desktop,2,0.361,1259.17
50,9,75.72,0.153,34,0.419,premium,mobile,3,0.43,1715.67
9,10,77.08,0.195,28,0.446,loyal,desktop,3,0.383,897.04
20,10,77.19,0.287,18,0.316,premium,mobile,1,0.184,1352.09
54,2,157.13,0.122,26,0.14,occasional,desktop,1,0.434,1126.06
13,13,44.95,0.128,27,0.327,occasional,tablet,1,0.264,1059.97
16,8,101.86,0.122,24,0.533,occasional,mobile,3,0.649,904.58
34,8,74.45,0.169,31,0.425,loyal,tablet,2,0.332,1396.13
14,5,50.26,0.253,24,0.367,occasional,mobile,4,0.455,339.5
24,8,65.56,0.235,26,0.086,loyal,mobile,3,0.661,1175.65
7,10,78.21,0.173,20,0.514,occasional,desktop,1,0.214,1021.63
60,11,41.18,0.176,18,0.324,premium,tablet,1,0.373,1590.36
54,8,109.44,0.083,18,0.202,loyal,mobile,1,0.483,1816.39
11,12,117.14,0.219,31,0.409,new,desktop,1,0.63,1108.68
3,5,93.51,0.045,17,0.487,loyal,desktop,1,0.116,1239.62
2,7,119.22,0.596,17,0.504,loyal,mobile,0,0.463,874.83
5,9,83.21,0.312,16,0.164,new,mobile,2,0.331,648.69
30,5,55.61,0.474,34,0.302,occasional,desktop,0,0.295,918.45
10,10,106.54,0.182,21,0.507,new,mobile,3,0.334,895.83
15,2,37.85,0.369,19,0.331,occasional,desktop,3,0.517,265.77
46,6,109.97,0.049,24,0.253,occasional,mobile,4,0.65,1186.57
35,15,59.07,0.222,20,0.388,occasional,mobile,2,0.742,1275.48
7,8,84.65,0.301,19,0.316,loyal,desktop,0,0.42,957.35
27,5,48.57,0.232,27,0.326,loyal,mobile,3,0.353,769.14
52,10,79.0,0.065,23,0.669,premium,mobile,1,0.308,1975.09
60,10,54.86,0.101,21,0.348,loyal,desktop,3,0.844,1390.27
56,10,100.01,0.14,30,0.499,occasional,mobile,2,0.194,1522.16
35,9,108.09,0.238,15,0.313,occasional,desktop,1,0.318,1144.59
47,9,61.4,0.098,23,0.354,new,desktop,4,0.396,931.07
36,5,119.43,0.26,30,0.332,loyal,desktop,1,0.542,1318.77
35,8,123.89,0.124,23,0.316,premium,mobile,3,0.392,1962.3
9,8,76.79,0.079,20,0.161,occasional,desktop,1,0.276,975.94
24,3,85.92,0.215,25,0.281,premium,mobile,1,0.276,1314.53
52,6,95.59,0.066,24,0.511,occasional,desktop,1,0.382,1298.52
47,10,74.97,0.323,24,0.188,occasional,mobile,1,0.377,1046.35
44,6,83.68,0.156,23,0.248,occasional,mobile,0,0.521,1149.69
39,11,73.66,0.154,26,0.685,premium,desktop,2,0.671,1856.61
27,12,81.84,0.198,21,0.454,loyal,mobile,0,0.593,1606.66
52,10,121.03,0.215,24,0.547,new,mobile,1,0.306,1376.7
26,7,99.59,0.174,19,0.423,occasional,desktop,0,0.604,824.35
45,5,64.98,0.532,27,0.608,premium,mobile,2,0.372,1195.79
3,14,91.15,0.444,30,0.295,occasional,mobile,0,0.308,1200.91
46,9,68.79,0.19,23,0.584,loyal,mobile,1,0.177,1506.89
47,7,88.08,0.239,28,0.26,occasional,desktop,0,0.794,1030.9
3,11,52.49,0.55,31,0.077,premium,mobile,1,0.56,918.67
42,7,103.57,0.277,24,0.376,occasional,desktop,0,0.56,1228.42
51,9,111.68,0.143,29,0.154,occasional,mobile,2,0.519,1102.06
50,7,95.5,0.172,23,0.376,premium,desktop,4,0.643,1743.77
5,2,84.77,0.297,25,0.217,loyal,mobile,1,0.692,606.77
51,11,134.82,0.28,20,0.371,occasional,desktop,1,0.134,1443.07
21,5,64.35,0.271,27,0.149,loyal,desktop,2,0.478,823.67
35,7,10.0,0.037,27,0.334,new,mobile,3,0.623,602.96
54,14,134.22,0.164,28,0.171,loyal,desktop,2,0.196,2150.09
24,8,77.97,0.181,26,0.242,loyal,mobile,3,0.469,1013.31
49,9,75.07,0.222,26,0.346,occasional,tablet,1,0.522,1097.92
30,13,14.23,0.374,18,0.55,loyal,mobile,2,0.424,1005.3
53,9,151.84,0.093,21,0.154,occasional,mobile,2,0.63,1551.91
50,7,76.82,0.041,19,0.239,premium,mobile,2,0.315,1572.44
4,7,113.62,0.199,22,0.436,premium,mobile,1,0.441,1487.41
11,8,124.87,0.057,23,0.358,loyal,tablet,0,0.23,1174.47
46,6,46.37,0.089,18,0.551,loyal,mobile,1,0.055,1316.26
43,8,87.62,0.13,20,0.233,occasional,mobile,2,0.398,1153.62
59,8,100.91,0.168,23,0.286,loyal,mobile,2,0.445,1512.63
4,4,49.06,0.088,21,0.204,loyal,desktop,6,0.256,412.55
22,12,68.94,0.133,17,0.511,loyal,mobile,2,0.113,1311.68
39,5,102.55,0.16,21,0.345,occasional,desktop,2,0.354,1103.09
8,8,26.07,0.243,20,0.55,loyal,tablet,1,0.439,649.81
4,9,38.39,0.135,27,0.09,premium,mobile,2,0.342,1002.11
1,8,47.13,0.117,23,0.359,new,mobile,2,0.286,490.27
23,12,137.32,0.294,17,0.149,loyal,mobile,2,0.197,1856.52
18,12,53.87,0.172,29,0.643,occasional,mobile,2,0.571,689.56
4,9,107.78,0.089,25,0.496,occasional,desktop,3,0.239,979.02
52,14,91.93,0.167,27,0.443,occasional,mobile,1,0.572,1433.17
43,5,89.02,0.193,26,0.231,loyal,desktop,3,0.314,1284.13
34,5,116.96,0.459,27,0.446,occasional,mobile,2,0.629,899.26
55,8,165.4,0.103,20,0.241,loyal,mobile,4,0.747,1838.02
50,4,90.19,0.439,27,0.214,occasional,mobile,2,0.75,907.05
51,8,53.39,0.166,18,0.283,occasional,mobile,2,0.15,1036.74
43,6,123.11,0.239,13,0.385,loyal,mobile,3,0.51,1445.46
56,7,50.57,0.196,24,0.086,occasional,mobile,2,0.493,1124.18
53,11,61.52,0.129,21,0.31,occasional,desktop,3,0.154,1258.43
9,11,60.48,0.261,17,0.798,premium,mobile,2,0.143,1210.58
11,13,88.33,0.308,23,0.297,loyal,mobile,2,0.568,1135.81
54,7,81.18,0.08,21,0.332,loyal,desktop,4,0.494,1590.53
52,7,70.2,0.098,25,0.287,occasional,desktop,2,0.376,1224.79
49,11,75.83,0.319,34,0.674,premium,mobile,2,0.156,1901.96
60,7,109.9,0.379,35,0.849,premium,mobile,2,0.367,2011.42
39,10,39.1,0.073,29,0.302,occasional,desktop,0,0.479,1311.01
27,6,111.16,0.334,22,0.339,loyal,mobile,1,0.473,1167.3
37,3,87.79,0.092,21,0.512,occasional,mobile,3,0.628,950.74
1,8,47.43,0.434,25,0.202,occasional,desktop,4,0.689,650.24
45,10,108.46,0.389,26,0.176,loyal,mobile,0,0.361,1612.45
33,7,47.11,0.17,32,0.431,new,mobile,2,0.33,748.24
28,4,10.0,0.151,27,0.393,occasional,desktop,3,0.552,479.06
4,6,117.82,0.138,20,0.575,occasional,desktop,3,0.293,953.34
5,7,173.69,0.196,14,0.339,loyal,mobile,4,0.763,1035.09
19,9,42.26,0.325,17,0.42,premium,tablet,3,0.676,942.21
54,8,122.18,0.225,27,0.21,new,mobile,1,0.464,1476.18
49,7,98.74,0.077,25,0.603,loyal,desktop,3,0.54,1509.4
25,9,95.51,0.102,31,0.383,occasional,mobile,2,0.305,1231.72
33,9,66.8,0.269,19,0.334,occasional,desktop,0,0.47,943.84
49,6,63.56,0.138,18,0.236,loyal,desktop,3,0.561,1312.39
23,4,124.46,0.188,23,0.476,occasional,mobile,2,0.31,1090.25
15,5,77.3,0.179,20,0.166,new,mobile,0,0.296,752.15
27,9,37.37,0.309,30,0.438,premium,mobile,2,0.587,1224.81
31,5,150.37,0.161,20,0.125,new,tablet,1,0.124,1414.83
21,5,70.53,0.211,20,0.602,loyal,mobile,2,0.582,779.34
21,9,104.88,0.219,25,0.377,occasional,mobile,2,0.648,1151.43
6,13,56.55,0.554,26,0.225,occasional,desktop,2,0.354,767.31
36,3,103.68,0.039,24,0.6,occasional,mobile,3,0.525,1049.34
20,5,99.98,0.187,25,0.153,occasional,mobile,2,0.615,800.16
20,4,97.18,0.201,19,0.874,occasional,mobile,3,0.201,1165.32
58,4,35.3,0.146,16,0.388,new,desktop,3,0.182,974.52
10,6,57.51,0.322,21,0.297,occasional,mobile,2,0.326,822.25
24,9,82.36,0.05,19,0.463,loyal,mobile,2,0.02,1375.95
53,6,111.67,0.201,21,0.508,premium,mobile,2,0.361,1932.8
29,8,57.95,0.302,25,0.131,occasional,desktop,0,0.348,921.02
26,7,104.15,0.076,17,0.398,occasional,tablet,5,0.486,914.17
6,8,33.19,0.155,20,0.403,occasional,mobile,1,0.714,466.52
29,6,108.86,0.403,23,0.321,loyal,mobile,2,0.404,1033.79
31,3,55.01,0.062,29,0.447,loyal,mobile,1,0.533,1057.61
14,4,144.76,0.147,31,0.267,loyal,desktop,0,0.645,1300.75
30,6,81.97,0.102,26,0.625,loyal,mobile,2,0.442,1316.68
46,12,85.58,0.097,24,0.211,loyal,mobile,2,0.131,1751.61
47,8,52.68,0.068,26,0.394,loyal,mobile,3,0.259,1496.14
50,8,77.19,0.321,30,0.583,loyal,mobile,1,0.608,1203.33
48,11,145.94,0.259,16,0.431,occasional,desktop,3,0.35,1711.44
19,6,18.15,0.12,18,0.416,premium,desktop,3,0.578,912.94
28,7,103.19,0.117,27,0.373,loyal,mobile,1,0.869,1171.26
5,7,75.25,0.391,25,0.373,new,mobile,4,0.689,399.62
30,11,166.42,0.336,23,0.286,new,mobile,0,0.21,1375.72
25,7,65.7,0.213,25,0.352,new,desktop,3,0.528,548.49
19,14,94.03,0.238,24,0.097,loyal,mobile,0,0.357,1256.18
30,3,49.2,0.085,29,0.367,premium,desktop,2,0.326,1273.17
4,11,93.56,0.199,31,0.11,occasional,mobile,2,0.606,974.46
34,7,110.68,0.057,20,0.128,new,mobile,2,0.443,979.54
13,7,109.81,0.123,23,0.306,occasional,mobile,2,0.502,1069.43
42,8,72.88,0.124,36,0.554,new,mobile,0,0.68,943.15
13,12,17.57,0.138,14,0.331,occasional,desktop,0,0.456,668.23
21,5,19.47,0.276,35,0.573,new,desktop,1,0.161,488.39
45,8,36.93,0.118,24,0.559,premium,mobile,1,0.195,1632.19
16,11,74.7,0.028,25,0.427,new,mobile,0,0.34,1129.85
51,6,41.46,0.104,21,0.433,occasional,desktop,0,0.588,1218.75
35,13,127.72,0.206,32,0.179,occasional,tablet,3,0.437,1322.0
57,9,87.67,0.186,19,0.483,loyal,desktop,2,0.447,1612.16
42,7,81.79,0.215,27,0.335,loyal,desktop,1,0.666,1328.47
3,10,109.06,0.171,27,0.477,loyal,mobile,1,0.409,1233.48
49,7,112.36,0.054,19,0.465,loyal,mobile,1,0.342,1799.7
46,11,78.85,0.499,18,0.237,new,desktop,1,0.449,1086.57
8,3,23.35,0.075,19,0.401,occasional,desktop,3,0.182,363.82
55,7,112.37,0.339,31,0.518,loyal,mobile,2,0.283,1492.71
57,15,102.25,0.394,26,0.235,occasional,mobile,1,0.254,1594.09
16,5,91.81,0.26,16,0.428,occasional,desktop,1,0.415,752.29
16,7,96.38,0.378,21,0.534,premium,desktop,7,0.542,1099.98
38,7,66.95,0.126,21,0.249,new,desktop,0,0.597,916.7
4,6,37.76,0.145,15,0.387,new,mobile,1,0.725,246.4
36,7,120.47,0.072,23,0.486,premium,desktop,4,0.589,1927.24
20,4,138.38,0.168,33,0.035,loyal,mobile,0,0.256,1242.88
35,7,91.92,0.277,31,0.499,new,desktop,3,0.385,1175.18
16,6,71.14,0.198,21,0.35,occasional,tablet,0,0.416,685.65
6,10,172.61,0.22,29,0.547,loyal,desktop,2,0.365,1475.97
24,8,22.14,0.11,26,0.414,occasional,desktop,3,0.348,888.34
12,8,135.68,0.406,30,0.407,occasional,tablet,3,0.396,986.45
54,8,94.46,0.126,31,0.087,loyal,mobile,3,0.107,1635.05
54,5,97.28,0.145,25,0.413,new,desktop,2,0.467,1190.42
23,5,96.72,0.242,23,0.166,occasional,desktop,2,0.295,881.7
60,6,141.71,0.235,21,0.047,occasional,mobile,0,0.635,1644.33
44,7,156.19,0.185,16,0.505,loyal,desktop,3,0.524,1816.92
5,5,87.46,0.271,22,0.289,new,desktop,2,0.628,473.73
19,9,70.21,0.026,27,0.327,premium,desktop,1,0.339,1532.47
50,11,93.23,0.17,23,0.12,loyal,mobile,0,0.369,1674.15
57,9,46.92,0.39,24,0.446,new,mobile,1,0.538,1049.09
3,3,44.76,0.128,22,0.489,occasional,mobile,0,0.403,386.04
23,4,207.89,0.189,27,0.198,occasional,mobile,2,0.888,1054.19
52,10,87.33,0.173,20,0.401,premium,desktop,2,0.72,1769.76
5,8,84.9,0.224,20,0.153,loyal,desktop,0,0.745,750.99
23,11,97.97,0.053,25,0.494,occasional,mobile,1,0.414,1210.43
8,2,89.42,0.425,34,0.17,occasional,desktop,4,0.561,279.59
5,6,38.41,0.371,27,0.139,premium,mobile,1,0.568,674.18
34,8,89.87,0.265,21,0.113,occasional,mobile,2,0.455,744.66
3,4,88.14,0.159,19,0.433,premium,desktop,4,0.243,1148.97
36,9,74.61,0.277,22,0.645,new,desktop,1,0.363,1079.68
48,9,107.65,0.265,29,0.125,new,mobile,1,0.109,1347.51
30,6,64.66,0.197,26,0.209,new,desktop,3,0.331,691.26
59,8,92.79,0.052,33,0.122,loyal,mobile,0,0.268,1893.94
36,9,105.63,0.107,28,0.361,premium,mobile,1,0.233,1908.51
29,7,107.91,0.094,32,0.137,occasional,mobile,1,0.51,1169.66
60,6,115.54,0.255,20,0.532,occasional,tablet,0,0.21,1353.84
43,9,106.5,0.29,13,0.339,occasional,desktop,5,0.408,1279.74
55,11,169.63,0.046,27,0.583,loyal,mobile,2,0.33,2084.15
1,10,116.4,0.042,28,0.241,occasional,mobile,4,0.058,1003.93
23,12,34.88,0.451,25,0.277,loyal,mobile,3,0.116,804.83
60,6,91.57,0.195,18,0.073,occasional,desktop,1,0.722,1276.93
38,12,56.79,0.141,20,0.077,premium,mobile,3,0.496,1359.19
11,10,107.25,0.14,30,0.237,new,desktop,1,0.376,976.9
3,11,70.39,0.362,29,0.038,occasional,desktop,1,0.568,622.42
49,4,99.46,0.246,27,0.447,loyal,mobile,4,0.426,1295.43
57,5,118.68,0.105,28,0.541,premium,mobile,3,0.639,1947.87
46,9,121.94,0.068,20,0.213,new,mobile,3,0.578,1341.81
54,13,103.25,0.365,23,0.156,occasional,desktop,0,0.469,1493.58
25,9,36.8,0.189,21,0.276,loyal,desktop,1,0.325,939.53
60,12,122.04,0.062,34,0.325,loyal,desktop,3,0.123,2169.11
51,7,28.84,0.226,26,0.23,loyal,mobile,1,0.516,1120.5
54,5,76.9,0.095,22,0.31,occasional,desktop,1,0.147,1211.68
58,4,86.12,0.146,25,0.328,new,mobile,0,0.451,1080.55
57,7,112.6,0.024,35,0.209,occasional,mobile,3,0.276,1670.5
16,9,82.95,0.097,21,0.517,new,mobile,3,0.274,991.22
24,5,65.71,0.1,26,0.122,new,mobile,2,0.456,649.34
39,5,108.54,0.152,25,0.628,loyal,mobile,0,0.172,1498.89
30,14,89.48,0.021,18,0.518,loyal,mobile,3,0.625,1568.94
14,12,94.86,0.206,32,0.521,occasional,mobile,6,0.458,1181.99
1,7,117.34,0.063,27,0.47,occasional,desktop,2,0.43,1088.84
11,4,114.41,0.253,16,0.774,premium,desktop,2,0.454,1373.38
59,9,131.0,0.034,26,0.497,loyal,desktop,1,0.359,2082.85
30,9,47.14,0.169,20,0.24,loyal,mobile,2,0.228,1197.46
51,9,76.89,0.201,26,0.425,loyal,mobile,1,0.486,1746.89
24,4,112.75,0.106,14,0.081,loyal,mobile,0,0.267,1183.3
49,8,98.55,0.221,23,0.482,occasional,mobile,0,0.526,1311.71
39,5,21.14,0.13,21,0.207,new,desktop,1,0.467,616.64
17,8,126.97,0.188,30,0.47,premium,mobile,0,0.183,1692.32
21,6,110.04,0.196,25,0.211,loyal,mobile,2,0.453,1331.22
44,5,84.47,0.385,30,0.19,premium,mobile,3,0.302,1543.45
4,7,187.84,0.264,21,0.162,premium,mobile,1,0.349,1765.83
57,8,119.42,0.283,27,0.532,loyal,desktop,2,0.328,1674.23
51,8,54.24,0.375,29,0.094,occasional,mobile,3,0.232,950.0
44,7,34.69,0.051,32,0.454,occasional,mobile,3,0.281,802.64
53,5,53.36,0.149,24,0.206,occasional,mobile,1,0.569,933.71
25,9,55.76,0.201,20,0.811,loyal,mobile,3,0.378,1057.05
50,9,47.32,0.225,16,0.562,occasional,desktop,1,0.287,990.25
28,7,84.56,0.079,21,0.273,new,tablet,1,0.368,972.81
23,12,36.61,0.149,20,0.316,occasional,mobile,0,0.177,1176.42
37,16,130.6,0.179,16,0.45,loyal,tablet,1,0.391,1932.71
31,9,128.12,0.1,22,0.5,occasional,desktop,2,0.274,1315.98
21,10,77.72,0.269,22,0.289,new,tablet,6,0.446,718.47
10,6,65.84,0.129,32,0.107,new,mobile,4,0.697,459.18
25,12,65.8,0.514,27,0.322,occasional,desktop,3,0.547,668.39
34,7,48.39,0.25,29,0.465,loyal,mobile,1,0.299,1033.2
54,4,46.2,0.279,24,0.088,premium,mobile,5,0.343,1173.86
55,9,40.29,0.055,15,0.418,loyal,desktop,2,0.324,1558.6
3,9,127.74,0.35,27,0.164,premium,desktop,4,0.719,1345.87
19,6,91.51,0.074,38,0.573,occasional,mobile,2,0.177,1076.75
12,6,64.7,0.176,20,0.188,occasional,desktop,2,0.404,559.01
27,5,37.54,0.149,30,0.467,premium,mobile,0,0.806,1212.45
43,7,68.27,0.276,29,0.316,occasional,desktop,2,0.334,894.02
34,7,84.21,0.45,19,0.443,new,desktop,2,0.431,671.61
4,9,106.05,0.184,27,0.392,new,mobile,3,0.247,1072.78
54,9,111.43,0.199,28,0.206,loyal,mobile,4,0.583,1595.62
57,12,37.35,0.468,27,0.073,new,mobile,1,0.366,1005.76
19,6,115.92,0.305,15,0.4,loyal,mobile,3,0.602,947.61
60,3,115.65,0.26,26,0.197,loyal,desktop,0,0.198,1413.06
39,3,91.35,0.681,20,0.157,premium,mobile,2,0.63,1146.34
35,10,87.76,0.158,21,0.329,loyal,desktop,1,0.388,1524.31
49,14,110.94,0.381,34,0.584,premium,desktop,1,0.17,2198.18
1,8,64.15,0.167,25,0.744,premium,desktop,2,0.503,1277.05
15,13,45.65,0.462,24,0.239,loyal,tablet,1,0.357,948.42
41,10,107.95,0.075,32,0.188,loyal,mobile,1,0.325,1710.0
17,10,28.12,0.136,20,0.501,occasional,desktop,0,0.436,827.59
8,6,78.7,0.362,19,0.157,occasional,mobile,2,0.605,540.13
50,10,116.5,0.25,25,0.123,premium,mobile,3,0.448,1771.85
4,6,24.69,0.131,22,0.389,occasional,mobile,1,0.583,440.93
50,14,98.93,0.217,23,0.425,occasional,mobile,3,0.333,1599.57
19,7,75.19,0.065,25,0.346,loyal,mobile,2,0.925,1025.57
5,8,68.65,0.108,35,0.489,loyal,desktop,0,0.514,1005.92
10,7,159.3,0.196,21,0.454,occasional,mobile,0,0.632,1042.12
29,13,109.7,0.23,29,0.155,loyal,tablet,2,0.235,1497.29
41,7,73.3,0.112,38,0.222,occasional,mobile,0,0.905,878.73
35,13,67.82,0.185,25,0.451,loyal,mobile,3,0.468,1367.79
25,8,55.81,0.187,27,0.304,occasional,mobile,2,0.754,638.73
3,7,103.11,0.327,15,0.305,occasional,tablet,2,0.441,915.62
10,10,90.29,0.165,22,0.553,occasional,mobile,2,0.226,1145.25
35,9,128.26,0.191,19,0.307,occasional,mobile,0,0.558,1135.67
60,8,65.73,0.249,27,0.509,occasional,desktop,2,0.43,1173.08
28,9,69.11,0.232,30,0.601,loyal,mobile,2,0.421,1218.86
14,6,69.33,0.12,15,0.553,new,desktop,2,0.4,714.84
1,5,35.0,0.18,31,0.575,occasional,desktop,0,0.501,371.45
43,9,79.11,0.292,19,0.711,new,mobile,2,0.144,996.84
7,4,46.5,0.188,28,0.118,loyal,desktop,0,0.505,596.42
52,6,62.27,0.32,18,0.135,loyal,desktop,6,0.582,1071.71
24,6,63.82,0.073,26,0.074,new,desktop,2,0.105,746.23
11,11,79.8,0.42,30,0.588,occasional,desktop,4,0.425,670.37
22,9,100.0,0.023,35,0.087,loyal,mobile,0,0.317,1228.79
19,9,30.3,0.071,23,0.159,new,mobile,1,0.305,731.75
47,4,57.98,0.22,27,0.332,loyal,desktop,0,0.635,1068.11
2,8,57.18,0.251,23,0.348,loyal,mobile,0,0.259,715.08
33,9,119.39,0.041,25,0.339,premium,tablet,1,0.277,1923.83
51,7,53.87,0.281,27,0.141,new,mobile,2,0.253,734.1
31,7,105.39,0.07,31,0.38,occasional,desktop,3,0.403,1170.53
42,5,116.1,0.085,19,0.066,loyal,mobile,1,0.385,1427.58
34,10,64.26,0.089,22,0.375,loyal,desktop,2,0.292,1360.91
39,6,67.82,0.095,19,0.167,occasional,mobile,2,0.445,765.3
29,1,54.63,0.517,24,0.307,occasional,mobile,1,0.171,507.98
58,8,61.78,0.113,34,0.516,occasional,mobile,2,0.393,1344.97
2,10,115.51,0.088,29,0.243,new,mobile,2,0.116,1169.44
44,8,80.98,0.153,29,0.194,occasional,desktop,0,0.517,933.47
52,5,91.02,0.31,22,0.052,occasional,mobile,1,0.352,1138.6
59,3,77.9,0.143,24,0.11,premium,tablet,0,0.215,1439.23
36,7,118.66,0.228,18,0.194,loyal,desktop,0,0.767,1182.42
59,5,39.54,0.059,29,0.363,occasional,mobile,0,0.541,934.67
19,11,93.82,0.111,22,0.215,loyal,mobile,1,0.168,1398.21
10,7,63.66,0.072,21,0.28,occasional,mobile,2,0.363,595.32
15,10,86.54,0.247,16,0.51,premium,mobile,4,0.767,1037.59
16,9,64.52,0.123,23,0.103,new,mobile,1,0.517,699.66
9,7,68.53,0.087,32,0.202,loyal,desktop,0,0.589,795.22
8,14,83.05,0.199,24,0.208,occasional,tablet,0,0.366,972.46
14,3,134.09,0.347,23,0.163,occasional,mobile,0,0.429,864.96
10,8,50.75,0.149,19,0.592,loyal,mobile,1,0.432,952.16
45,3,122.76,0.225,23,0.255,occasional,mobile,1,0.252,981.25
17,7,56.49,0.326,33,0.429,loyal,desktop,2,0.141,1031.81
1,7,90.93,0.289,27,0.375,loyal,mobile,3,0.422,909.57
36,3,59.08,0.207,22,0.54,premium,desktop,3,0.279,1212.38
11,8,72.07,0.268,30,0.233,premium,tablet,2,0.245,1125.7
24,8,87.74,0.15,15,0.329,new,desktop,2,0.126,1165.28
1,8,141.36,0.07,16,0.045,new,desktop,2,0.355,823.39
10,7,95.88,0.119,30,0.291,loyal,mobile,2,0.726,957.92
43,11,142.24,0.242,23,0.457,occasional,desktop,3,0.197,1496.97
54,5,68.09,0.165,16,0.559,premium,mobile,2,0.676,1404.79
5,6,41.14,0.433,26,0.311,loyal,mobile,3,0.41,503.35
26,11,56.76,0.319,22,0.567,premium,mobile,2,0.174,1618.06
11,6,48.46,0.156,23,0.196,loyal,tablet,2,0.186,787.91
21,12,57.35,0.222,26,0.355,loyal,mobile,1,0.524,1199.63
40,10,35.34,0.174,27,0.327,occasional,mobile,3,0.219,766.21
45,0,62.56,0.15,31,0.493,new,mobile,1,0.531,698.92
44,10,87.45,0.245,23,0.375,loyal,mobile,2,0.157,1626.15
44,12,116.64,0.438,26,0.665,occasional,mobile,2,0.306,1573.29
52,8,82.2,0.343,28,0.224,occasional,desktop,4,0.485,890.2
41,14,96.33,0.47,31,0.456,loyal,mobile,2,0.491,1717.08
9,11,79.11,0.451,26,0.178,new,mobile,1,0.438,548.18
45,7,61.89,0.116,21,0.059,loyal,desktop,0,0.088,1264.47
16,10,106.97,0.068,22,0.571,new,mobile,1,0.387,1023.56
31,15,132.95,0.178,30,0.316,premium,desktop,1,0.729,1869.68
5,8,162.83,0.064,18,0.079,occasional,tablet,1,0.466,1073.15
16,5,78.79,0.166,26,0.408,loyal,mobile,1,0.138,1098.98
4,7,50.22,0.077,25,0.441,new,mobile,2,0.248,253.21
17,7,54.1,0.192,26,0.412,occasional,mobile,2,0.546,822.77
37,10,56.42,0.187,27,0.287,premium,mobile,1,0.354,1443.34
16,6,83.07,0.301,28,0.457,new,desktop,1,0.553,872.31
20,6,126.86,0.102,21,0.223,new,mobile,4,0.195,1032.68
42,7,29.3,0.288,26,0.246,premium,mobile,4,0.575,1046.87
15,12,90.03,0.508,18,0.205,new,desktop,2,0.725,612.15
59,7,100.54,0.188,24,0.732,occasional,mobile,3,0.304,1505.39
35,8,103.03,0.161,29,0.356,loyal,desktop,2,0.505,1549.29
39,14,49.83,0.096,29,0.54,occasional,desktop,3,0.626,1366.31
35,9,77.4,0.294,29,0.25,occasional,mobile,4,0.458,853.2
14,11,59.48,0.248,28,0.616,occasional,mobile,0,0.319,1150.62
29,6,147.54,0.208,25,0.504,loyal,mobile,2,0.358,1584.82
21,9,63.05,0.034,18,0.359,occasional,mobile,0,0.549,790.78
28,3,69.88,0.116,26,0.4,occasional,mobile,3,0.356,916.16
39,8,64.87,0.374,23,0.285,new,mobile,2,0.462,637.24
34,11,23.49,0.338,18,0.233,loyal,mobile,1,0.446,1078.38
4,2,124.94,0.681,23,0.407,loyal,mobile,2,0.415,617.02
28,11,63.67,0.449,24,0.693,new,mobile,1,0.619,669.2
45,6,91.62,0.134,14,0.548,premium,desktop,2,0.36,1774.43
8,7,33.99,0.269,19,0.318,occasional,desktop,1,0.81,218.46
31,8,88.04,0.173,25,0.237,loyal,mobile,3,0.179,1228.28
36,12,124.69,0.353,22,0.583,loyal,mobile,1,0.256,1413.37
37,12,103.39,0.366,26,0.297,new,mobile,1,0.433,1112.83
17,12,122.58,0.049,21,0.229,occasional,desktop,1,0.464,1458.2
23,6,72.08,0.563,28,0.509,occasional,desktop,4,0.298,452.48
33,5,157.37,0.364,29,0.705,new,desktop,2,0.407,1508.64
60,13,74.89,0.072,17,0.207,occasional,mobile,1,0.175,1554.19
57,6,103.86,0.176,36,0.214,loyal,desktop,2,0.215,1779.35
26,10,148.21,0.078,21,0.586,occasional,desktop,3,0.234,1298.26
33,5,107.63,0.127,25,0.349,premium,mobile,1,0.384,1738.56
20,8,151.76,0.127,24,0.288,occasional,desktop,3,0.164,1187.5
22,6,56.12,0.219,24,0.187,occasional,desktop,3,0.373,607.44
11,8,93.0,0.154,22,0.161,new,mobile,2,0.2,967.28
55,10,44.41,0.151,25,0.529,loyal,desktop,2,0.695,1236.48
33,3,75.22,0.303,25,0.134,premium,mobile,1,0.164,1163.21
44,7,139.85,0.186,31,0.107,loyal,desktop,0,0.642,1498.67
5,10,117.75,0.21,13,0.704,new,desktop,2,0.547,923.07
18,9,88.63,0.293,29,0.077,loyal,mobile,1,0.691,855.59
41,9,58.21,0.212,30,0.31,loyal,desktop,3,0.735,1111.45
59,8,109.51,0.164,21,0.119,premium,mobile,3,0.147,2056.91
27,7,110.81,0.168,16,0.582,occasional,desktop,0,0.641,1145.52
8,6,116.64,0.05,20,0.385,occasional,desktop,1,0.339,1052.59
18,4,38.3,0.336,21,0.595,loyal,mobile,2,0.187,710.08
52,13,119.64,0.101,19,0.301,occasional,tablet,4,0.637,1353.72
18,10,113.81,0.01,21,0.171,new,tablet,1,0.521,1079.11
34,3,93.07,0.391,26,0.375,occasional,desktop,0,0.427,775.91
34,11,112.4,0.09,31,0.394,new,mobile,1,0.305,1296.45
12,11,84.44,0.129,23,0.586,new,mobile,2,0.437,1060.13
1,10,111.1,0.124,25,0.698,occasional,mobile,4,0.545,873.48
26,12,75.03,0.391,24,0.514,new,desktop,2,0.256,1010.5
57,9,118.14,0.031,34,0.136,occasional,mobile,1,0.261,1577.9
1,7,86.45,0.224,22,0.153,new,mobile,1,0.083,589.1
27,9,92.72,0.024,24,0.043,premium,mobile,3,0.142,1711.09
37,5,72.81,0.193,10,0.435,premium,mobile,0,0.431,1197.47
11,5,136.42,0.269,18,0.262,occasional,mobile,2,0.554,926.54
41,10,73.62,0.057,31,0.361,occasional,desktop,1,0.53,1069.43
24,6,19.64,0.368,38,0.374,loyal,mobile,3,0.378,721.88
6,8,52.1,0.383,16,0.557,new,mobile,2,0.381,399.34
12,5,138.48,0.231,22,0.233,loyal,mobile,1,0.3,1281.18
7,12,72.58,0.163,25,0.174,new,desktop,1,0.084,1022.64
25,8,102.02,0.161,17,0.159,premium,desktop,3,0.359,1651.79
15,8,135.04,0.372,23,0.14,loyal,desktop,0,0.089,1421.92
52,8,41.45,0.109,28,0.123,occasional,desktop,0,0.18,1012.28
43,6,64.36,0.095,18,0.431,new,mobile,0,0.506,985.56
49,5,88.2,0.138,28,0.493,occasional,desktop,2,0.545,1162.81
51,10,58.63,0.31,25,0.789,loyal,mobile,2,0.501,1555.44
13,9,97.22,0.22,23,0.519,occasional,mobile,2,0.339,974.58
38,6,89.87,0.172,22,0.445,loyal,desktop,2,0.448,1341.41
49,7,89.47,0.028,20,0.146,occasional,desktop,5,0.329,1148.32
31,9,112.18,0.097,19,0.409,new,desktop,3,0.172,1412.37
58,9,92.4,0.101,17,0.626,new,mobile,3,0.463,1196.07
60,5,118.74,0.094,20,0.169,loyal,desktop,3,0.349,1762.13
25,5,79.62,0.227,25,0.336,new,mobile,2,0.285,693.58
58,6,53.75,0.253,28,0.201,occasional,mobile,1,0.251,937.08
37,10,41.76,0.132,25,0.497,loyal,desktop,1,0.22,1317.54
47,5,110.5,0.442,23,0.503,occasional,desktop,1,0.35,1203.62
51,10,69.68,0.027,28,0.459,premium,desktop,3,0.254,2006.8
35,8,83.35,0.079,31,0.216,new,mobile,1,0.409,808.84
23,10,77.51,0.294,24,0.172,occasional,tablet,2,0.453,856.55
26,9,53.35,0.3,15,0.275,occasional,mobile,2,0.465,699.32
35,8,60.33,0.347,19,0.342,premium,mobile,9,0.747,1053.27
18,8,91.33,0.155,20,0.263,new,mobile,2,0.323,930.38
37,8,78.16,0.091,23,0.28,premium,desktop,1,0.614,1655.09
21,11,60.37,0.052,21,0.201,occasional,mobile,1,0.537,916.82
36,9,19.52,0.409,30,0.648,occasional,desktop,0,0.626,668.75
9,10,36.75,0.095,27,0.295,new,mobile,2,0.184,705.21
49,8,88.52,0.219,34,0.533,occasional,desktop,3,0.384,1215.11
49,9,141.72,0.174,38,0.248,new,tablet,2,0.396,1472.06
1,12,20.3,0.104,31,0.06,occasional,mobile,1,0.422,653.28
15,12,60.93,0.155,30,0.255,occasional,mobile,2,0.519,741.05
27,4,94.77,0.151,26,0.11,loyal,mobile,1,0.432,1018.53
43,12,125.97,0.179,27,0.28,new,desktop,2,0.191,1464.77
30,8,59.98,0.042,22,0.382,occasional,mobile,4,0.668,850.9
4,7,107.28,0.209,29,0.23,loyal,desktop,3,0.29,1062.88
11,8,59.05,0.224,20,0.129,premium,mobile,1,0.546,1124.43
29,8,116.94,0.126,26,0.075,new,mobile,0,0.331,974.1
13,2,131.8,0.634,25,0.185,premium,desktop,0,0.479,1094.65
4,6,110.42,0.034,24,0.725,loyal,mobile,2,0.103,970.59
6,9,119.94,0.378,22,0.374,new,mobile,1,0.479,884.84
39,2,61.53,0.159,31,0.075,loyal,mobile,2,0.473,921.08
42,5,147.03,0.061,19,0.386,new,mobile,2,0.68,1328.02
1,9,48.05,0.562,27,0.164,premium,mobile,0,0.397,867.31
13,10,84.73,0.248,24,0.515,loyal,desktop,0,0.523,1069.81
27,14,108.02,0.266,23,0.288,occasional,mobile,2,0.603,1335.05
38,6,156.01,0.32,21,0.283,loyal,tablet,4,0.18,1455.8
29,8,76.0,0.088,23,0.172,occasional,desktop,6,0.499,1037.42
22,7,122.74,0.34,19,0.17,premium,desktop,0,0.475,1484.0
48,7,32.1,0.076,28,0.313,occasional,mobile,4,0.492,970.72
46,8,95.38,0.111,24,0.217,premium,mobile,1,0.589,1753.41
33,12,121.27,0.438,22,0.271,premium,mobile,5,0.111,1996.21
26,8,52.88,0.147,26,0.248,premium,mobile,1,0.298,1191.95
56,12,110.74,0.059,29,0.264,loyal,mobile,3,0.31,1702.36
55,7,103.96,0.243,30,0.164,premium,desktop,3,0.376,1685.63
5,9,152.7,0.304,32,0.225,new,tablet,1,0.28,1245.76
